{
  "rasa_nlu_data": {
    "common_examples": [
      {
        "intent": "ask_price",
        "entities": [
          {
            "start": 22,
            "end": 37,
            "value": "washine machine",
            "entity": "product"
          }
        ],
        "text": "what is the rate for  washine machine"
      },
      {
        "intent": "ask_price",
        "text": "i want to know the price of "
      },
      {
        "intent": "ask_price",
        "entities": [
          {
            "start": 9,
            "end": 25,
            "value": " washing machine",
            "entity": "product"
          }
        ],
        "text": "price for washing machine"
      },
      {
        "intent": "ask_price",
        "text": "what is the rate for"
      },
      {
        "intent": "ask_price",
        "entities": [
          {
            "start": 22,
            "end": 37,
            "value": "washine machine",
            "entity": "product"
          },
          {
            "start": 41,
            "end": 50,
            "value": "bangalore",
            "entity": "location"
          }
        ],
        "text": "what is the rate for  washine machine in bangalore"
      },
      {
        "intent": "ask_price",
        "entities": [
          {
            "start": 26,
            "end": 36,
            "value": "Television",
            "entity": "product"
          }
        ],
        "text": "can you tell me price for Television"
      },
      {
        "intent": "ask_price",
        "entities": [
          {
            "start": 26,
            "end": 36,
            "value": "Television",
            "entity": "product"
          },
          {
            "start": 40,
            "end": 46,
            "value": "Canada",
            "entity": "location"
          }
        ],
        "text": "can you tell me price for Television in Canada"
      },
      {
        "intent": "ask_price",
        "entities": [
          {
            "start": 28,
            "end": 44,
            "value": " Bangalore,India",
            "entity": "location"
          },
          {
            "start": 10,
            "end": 26,
            "value": "washine machine ",
            "entity": "product"
          }
        ],
        "text": "price for washine machine in Bangalore,India"
      },
      {
        "intent": "product_info",
        "entities": [
          {
            "start": 5,
            "end": 20,
            "value": "washing machine",
            "entity": "product"
          }
        ],
        "text": "find washing machine"
      },
      {
        "intent": "product_info",
        "entities": [
          {
            "start": 14,
            "end": 29,
            "value": "washine machine",
            "entity": "product"
          }
        ],
        "text": "details about washine machine"
      },
      {
        "intent": "product_info",
        "entities": [
          {
            "start": 15,
            "end": 25,
            "value": "efrigrator",
            "entity": "product"
          }
        ],
        "text": "tell me about refrigrator"
      },
      {
        "intent": "product_info",
        "entities": [
          {
            "start": 20,
            "end": 30,
            "value": "television",
            "entity": "product"
          }
        ],
        "text": "specification about television"
      },
      {
        "intent": "product_info",
        "text": "tell me about"
      },
      {
        "intent": "product_info",
        "entities": [
          {
            "start": 22,
            "end": 32,
            "value": "television",
            "entity": "product"
          }
        ],
        "text": "Can you tell me about television"
      },
      {
        "intent": "product_info",
        "text": "i am looking for a"
      },
      {
        "intent": "product_info",
        "entities": [
          {
            "start": 21,
            "end": 27,
            "value": "fridge",
            "entity": "product"
          }
        ],
        "text": "i want to know about fridge"
      },
      {
        "intent": "cancel_order",
        "entities": [
          {
            "start": 20,
            "end": 24,
            "value": "4567",
            "entity": "order_id"
          }
        ],
        "text": "cancel the order id 4567"
      },
      {
        "intent": "cancel_order",
        "entities": [
          {
            "start": 36,
            "end": 40,
            "value": "1234",
            "entity": "order_id"
          }
        ],
        "text": "i want to cancel order for order id 1234"
      },
      {
        "intent": "cancel_order",
        "text": "drop the order"
      },
      {
        "intent": "cancel_order",
        "text": "i want to cancel the order"
      },
      {
        "entities": [
          {
            "start": 10,
            "end": 21,
            "value": "Memphis,USA",
            "entity": "location"
          }
        ],
        "text": "i stay in Memphis,USA"
      },
      {
        "entities": [
          {
            "start": 10,
            "end": 16,
            "value": "Canada",
            "entity": "location"
          }
        ],
        "text": "i live in Canada"
      }
    ],
    "regex_features": [],
    "lookup_tables": [],
    "entity_synonyms": []
  }
}