{
    "language": "en_core_web_sm",
    "pipeline": [
        {
            "model": "en_core_web_sm",
            "case_sensitive": false,
            "name": "SpacyNLP",
            "class": "rasa_nlu.utils.spacy_utils.SpacyNLP"
        },
        {
            "name": "SpacyTokenizer",
            "class": "rasa_nlu.tokenizers.spacy_tokenizer.SpacyTokenizer"
        },
        {
            "BILOU_flag": true,
            "features": [
                [
                    "low",
                    "title",
                    "upper"
                ],
                [
                    "bias",
                    "low",
                    "prefix5",
                    "prefix2",
                    "suffix5",
                    "suffix3",
                    "suffix2",
                    "upper",
                    "title",
                    "digit",
                    "pattern"
                ],
                [
                    "low",
                    "title",
                    "upper"
                ]
            ],
            "max_iterations": 50,
            "L1_c": 0.1,
            "L2_c": 0.1,
            "name": "CRFEntityExtractor",
            "file": "component_2_CRFEntityExtractor.pkl",
            "class": "rasa_nlu.extractors.crf_entity_extractor.CRFEntityExtractor"
        },
        {
            "name": "SpacyFeaturizer",
            "class": "rasa_nlu.featurizers.spacy_featurizer.SpacyFeaturizer"
        },
        {
            "C": [
                1,
                2,
                5,
                10,
                20,
                100
            ],
            "gamma": [
                0.1
            ],
            "kernels": [
                "linear"
            ],
            "max_cross_validation_folds": 5,
            "scoring_function": "f1_weighted",
            "name": "SklearnIntentClassifier",
            "file": "component_4_SklearnIntentClassifier.pkl",
            "class": "rasa_nlu.classifiers.sklearn_intent_classifier.SklearnIntentClassifier"
        },
        {
            "dimensions": null,
            "url": null,
            "locale": null,
            "timezone": null,
            "name": "DucklingHTTPExtractor",
            "num_threads": 4,
            "class": "rasa_nlu.extractors.duckling_http_extractor.DucklingHTTPExtractor"
        }
    ],
    "trained_at": "20230210-101754",
    "rasa_nlu_version": "0.15.1"
}